<?xml version="1.0" encoding="UTF-8"?>
<metadata>
  <idinfo>
    <citation>
      <citeinfo>
        <origin/>
        <pubdate>20140301</pubdate>
        <title>1:1,000,000-Scale Railroads, United States, 2014</title>
        <geoform>vector digital data</geoform>
        <pubinfo>
          <pubplace/>
          <publish>National Atlas of the United States</publish>
        </pubinfo>
        <othercit>These data were downloaded from the National Atlas website (http://www.nationalatlas.gov/atlasftp.html) in August 2014.</othercit>
        <onlink>http://purl.stanford.edu/xr811ds1000</onlink>
        <lworkcit>
          <citeinfo>
            <title>National Atlas of the United States of America, 1997-2014</title>
          </citeinfo>
        </lworkcit>
      </citeinfo>
    </citation>
    <descript>
      <abstract>This line shapefile represents railroads in the conterminous United States and Alaska for 2014 at 1:1,000,000 scale. This is a revised version of the July 2012 map layer. This layer is part of the 1997-2014 edition of the National Atlas of the United States.</abstract>
      <purpose>These data are intended for geographic display and analysis at the national level, and for large regional areas. The data should be displayed and analyzed at scales appropriate for 1:1,000,000-scale data. No responsibility is assumed by the National Atlas of the United States in the use of these data.</purpose>
    </descript>
    <timeperd>
      <timeinfo>
        <sngdate>
          <caldate>20140301</caldate>
        </sngdate>
      </timeinfo>
      <current>Publication date</current>
    </timeperd>
    <status>
      <progress>Complete</progress>
      <update>Irregular</update>
    </status>
    <spdom>
      <bounding>
        <westbc>-150.126441</westbc>
        <eastbc>-67.427469</eastbc>
        <northbc>64.925621</northbc>
        <southbc>25.467400</southbc>
      </bounding>
    </spdom>
    <keywords>
      <theme>
        <themekt>lcsh</themekt>
        <themekey>Railroads</themekey>
      </theme>
      <theme>
        <themekt>ISO 19115 Topic Categories</themekt>
        <themekey>transportation</themekey>
      </theme>
      <place>
        <placekt>geonames</placekt>
        <placekey>United States</placekey>
        <placekey>Alabama</placekey>
        <placekey>Alaska</placekey>
        <placekey>Arizona</placekey>
        <placekey>Arkansas</placekey>
        <placekey>Colorado</placekey>
        <placekey>Connecticut</placekey>
        <placekey>Delaware</placekey>
        <placekey>Florida</placekey>
        <placekey>Georgia</placekey>
        <placekey>Idaho</placekey>
        <placekey>Illinois</placekey>
        <placekey>Indiana</placekey>
        <placekey>Iowa</placekey>
        <placekey>Kansas</placekey>
        <placekey>Kentucky</placekey>
        <placekey>Louisiana</placekey>
        <placekey>Maine</placekey>
        <placekey>Maryland</placekey>
        <placekey>Massachusetts</placekey>
        <placekey>Michigan</placekey>
        <placekey>Minnesota</placekey>
        <placekey>Mississippi</placekey>
        <placekey>Missouri</placekey>
        <placekey>Montana</placekey>
        <placekey>Nebraska</placekey>
        <placekey>Nevada</placekey>
        <placekey>New Hampshire</placekey>
        <placekey>New Jersey</placekey>
        <placekey>New Mexico</placekey>
        <placekey>New York (State)</placekey>
        <placekey>North Carolina</placekey>
        <placekey>North Dakota</placekey>
        <placekey>Ohio</placekey>
        <placekey>Oklahoma</placekey>
        <placekey>Oregon</placekey>
        <placekey>Pennsylvania</placekey>
        <placekey>Rhode Island</placekey>
        <placekey>South Carolina</placekey>
        <placekey>South Dakota</placekey>
        <placekey>Tennessee</placekey>
        <placekey>Texas</placekey>
        <placekey>Utah</placekey>
        <placekey>Vermont</placekey>
        <placekey>Virginia</placekey>
        <placekey>Washington (D.C.)</placekey>
        <placekey>Washington (State)</placekey>
        <placekey>West Virginia</placekey>
        <placekey>Wisconsin</placekey>
        <placekey>Wyoming</placekey>
      </place>
      <temporal>
        <tempkt>None</tempkt>
        <tempkey>2014</tempkey>
      </temporal>
    </keywords>
    <accconst>None</accconst>
    <useconst>Although these data have been processed successfully on a computer system at the U.S. Geological Survey, no warranty expressed or implied is made by the U.S. Geological Survey regarding the utility of the data on any other system, nor shall the act of distribution constitute any such warranty. No responsibility is assumed by the U.S. Geological Survey in the use of these data.</useconst>
    <ptcontac>
      <cntinfo>
        <cntorgp>
          <cntorg>National Atlas of the United States</cntorg>
        </cntorgp>
        <cntaddr>
          <addrtype>mailing and physical</addrtype>
          <address>12201 Sunrise Valley Drive</address>
          <address>U.S. Geological Survey</address>
          <address>511 National Center</address>
          <city>Reston</city>
          <state>VA</state>
          <postal>20192</postal>
        </cntaddr>
        <cntvoice>1-888-ASK-USGS (1-888-275-8747)</cntvoice>
        <cntemail>atlasmail@usgs.gov</cntemail>
        <cntinst>For questions about this map layer or metadata, please contact the National Atlas using the information above, or through the U.S. Geological Survey contact page at http://www.usgs.gov/ask/. For distribution questions, please see the Distribution Information elsewhere in this metadata.</cntinst>
      </cntinfo>
    </ptcontac>
    <datacred>National Atlas of the United States. (2014). 1:1,000,000-Scale Railroads, United States, 2014. National Atlas of the United States. Available at: http://purl.stanford.edu/xr811ds1000.</datacred>
    <native>Microsoft Windows 7 Version 6.1 (Build 7601) Service Pack 1; Esri ArcGIS 10.3.1.4959</native>
  </idinfo>
  <dataqual>
    <logic>The map layer was checked for topological consistency using ArcGIS. No other checks for logical consistency were performed on this map layer.</logic>
    <complete>This map layer includes railroads in the conterminous United States and Alaska.</complete>
    <lineage>
      <srcinfo>
        <srccite>
          <citeinfo>
            <origin/>
            <pubdate>unknown</pubdate>
            <title>National Topographic System Maps (1:250 000)</title>
            <pubinfo>
              <pubplace/>
              <publish>Government of Canada</publish>
            </pubinfo>
          </citeinfo>
        </srccite>
        <srcscale>250000</srcscale>
        <typesrc>None</typesrc>
        <srctime>
          <timeinfo>
            <rngdates>
              <begdate>19450101</begdate>
              <enddate>present</enddate>
            </rngdates>
          </timeinfo>
          <srccurr>Ground condition</srccurr>
        </srctime>
        <srccitea>Canada 250K Topo</srccitea>
        <srccontr>  Positional reference </srccontr>
      </srcinfo>
      <srcinfo>
        <srccite>
          <citeinfo>
            <origin/>
            <pubdate>20120701</pubdate>
            <title>1:1,000,000-Scale Railroads of the United States</title>
            <pubinfo>
              <pubplace/>
              <publish>National Atlas of the United States</publish>
            </pubinfo>
          </citeinfo>
        </srccite>
        <typesrc>onLine</typesrc>
        <srctime>
          <timeinfo>
            <sngdate>
              <caldate>20120701</caldate>
            </sngdate>
          </timeinfo>
          <srccurr>Publication date</srccurr>
        </srctime>
        <srccitea>National Atlas 1M Railroads 2012</srccitea>
        <srccontr>Spatial and attribute information</srccontr>
      </srcinfo>
      <srcinfo>
        <srccite>
          <citeinfo>
            <origin/>
            <pubdate>unknown</pubdate>
            <title>Google Maps</title>
            <onlink>http://maps.google.com/</onlink>
          </citeinfo>
        </srccite>
        <typesrc>onLine</typesrc>
        <srctime>
          <timeinfo>
            <sngdate>
              <caldate>unknown</caldate>
            </sngdate>
          </timeinfo>
          <srccurr>Publication date</srccurr>
        </srctime>
        <srccitea>Google Maps</srccitea>
        <srccontr>Spatial information.</srccontr>
      </srcinfo>
      <srcinfo>
        <srccite>
          <citeinfo>
            <origin/>
            <pubdate>unknown</pubdate>
            <title>1:1,000,000-Scale National Atlas map layers and other quality control files</title>
            <othercit>Numerous sources were used to perform quality-control and vertical integration, including all the 1:1,000,000-scale National Atlas map layers, a variety of online sources, and online USGS topographic maps. More information is available from the National Atlas contacts listed elsewhere in this metadata.</othercit>
          </citeinfo>
        </srccite>
        <typesrc>None</typesrc>
        <srctime>
          <timeinfo>
            <sngdate>
              <caldate>unknown</caldate>
            </sngdate>
          </timeinfo>
          <srccurr>Variable</srccurr>
        </srctime>
        <srccitea>QC</srccitea>
        <srccontr>Spatial information</srccontr>
      </srcinfo>
      <srcinfo>
        <srccite>
          <citeinfo>
            <origin/>
            <pubdate>20070101</pubdate>
            <title>Railway Network - National Transportation Atlas Database (NTAD) 2007</title>
            <pubinfo>
              <pubplace/>
              <publish>Research and Innovative Technology Administration's Bureau of Transportation Statistics (RITA/BTS)</publish>
            </pubinfo>
          </citeinfo>
        </srccite>
        <typesrc>onLine</typesrc>
        <srctime>
          <timeinfo>
            <sngdate>
              <caldate>20070101</caldate>
            </sngdate>
          </timeinfo>
          <srccurr>Publication date</srccurr>
        </srctime>
        <srccitea>NTAD</srccitea>
        <srccontr>Spatial and attribute information</srccontr>
      </srcinfo>
      <srcinfo>
        <srccite>
          <citeinfo>
            <origin/>
            <pubdate>20120701</pubdate>
            <title>1:1,000,000-Scale State Boundaries of the United States</title>
            <pubinfo>
              <pubplace/>
              <publish>National Atlas of the United States</publish>
            </pubinfo>
          </citeinfo>
        </srccite>
        <srcscale>1000000</srcscale>
        <typesrc>onLine</typesrc>
        <srctime>
          <timeinfo>
            <sngdate>
              <caldate>20120101</caldate>
            </sngdate>
          </timeinfo>
          <srccurr>Publication date</srccurr>
        </srctime>
        <srccitea>States</srccitea>
        <srccontr>Spatial information</srccontr>
      </srcinfo>
      <srcinfo>
        <srccite>
          <citeinfo>
            <origin/>
            <pubdate>20131108</pubdate>
            <title>Atlas of Canada National Scale Data 1:1,000,000  Railways</title>
            <geoform>Vector digital data</geoform>
            <pubinfo>
              <pubplace/>
              <publish>Government of Canada</publish>
            </pubinfo>
            <onlink>http://geogratis.gc.ca/api/en/nrcan-rncan/ess-sst/af9f171d-7314-57cb-a28b-c71184400ffe.html</onlink>
          </citeinfo>
        </srccite>
        <typesrc>onLine</typesrc>
        <srctime>
          <timeinfo>
            <sngdate>
              <caldate>20131108</caldate>
            </sngdate>
          </timeinfo>
          <srccurr>Publication date</srccurr>
        </srctime>
        <srccitea>Canada Railways</srccitea>
        <srccontr>Spatial information</srccontr>
      </srcinfo>
      <srcinfo>
        <srccite>
          <citeinfo>
            <origin/>
            <pubdate>unknown</pubdate>
            <title>ESRI Basemaps</title>
            <geoform>Vector digital data</geoform>
            <onlink>http://www.esri.com/software/arcgis/arcgisonline/maps/maps-and-map-layers</onlink>
          </citeinfo>
        </srccite>
        <typesrc>onLine</typesrc>
        <srctime>
          <timeinfo>
            <sngdate>
              <caldate>20130101</caldate>
            </sngdate>
          </timeinfo>
          <srccurr>Date of data access</srccurr>
        </srctime>
        <srccitea>ESRI Basemaps</srccitea>
        <srccontr>Spatial information.</srccontr>
      </srcinfo>
      <srcinfo>
        <srccite>
          <citeinfo>
            <origin/>
            <pubdate>20070101</pubdate>
            <title>Railway Network</title>
            <pubinfo>
              <pubplace/>
              <publish>Bureau of Transportation Statistics</publish>
            </pubinfo>
          </citeinfo>
        </srccite>
        <typesrc>CD-ROM</typesrc>
        <srctime>
          <timeinfo>
            <sngdate>
              <caldate>20070101</caldate>
            </sngdate>
          </timeinfo>
          <srccurr>Publication date</srccurr>
        </srctime>
        <srccitea>RN</srccitea>
        <srccontr>Spatial and attribute information</srccontr>
      </srcinfo>
      <srcinfo>
        <srccite>
          <citeinfo>
            <origin/>
            <pubdate>unknown</pubdate>
            <title>Bing Maps</title>
            <geoform>Vector digital data</geoform>
            <onlink>http://www.esri.com/software/arcgis/arcgisonline/maps/bing-maps</onlink>
          </citeinfo>
        </srccite>
        <typesrc>onLine</typesrc>
        <srctime>
          <timeinfo>
            <sngdate>
              <caldate>20130101</caldate>
            </sngdate>
          </timeinfo>
          <srccurr>Date of data access</srccurr>
        </srctime>
        <srccitea>Bing Maps</srccitea>
        <srccontr>Spatial information.</srccontr>
      </srcinfo>
      <procstep>
        <procdesc>The Railway Network data were loaded and the attributes were edited to include a maximum of three railroad owner names and their corresponding reporting marks. Abandoned railroads and rail lines no longer in existence were identified and deleted. The attributes were reorganized, so that for tracks with multiple owners, the largest railroad is listed as Rrowner1, the next smaller railroad is listed as Rrowner2, and the smallest of the three railroads, if any, is listed as Rrowner3. Some tracks were adjusted inland from open water using Atlas_States as a guide. Tracks were generalized, particularly in congested areas, and merged where they run closely parallel to one another. The file was saved as a Shapefile.</procdesc>
        <srcused>NTAD</srcused>
        <srcused>RN</srcused>
        <srcused>States</srcused>
        <procdate>20100801</procdate>
      </procstep>
      <procstep>
        <procdesc>All the 1:1,000,000-scale map layers were checked for vertical integration. Line positions were adjusted as necessary to remove overlaps. Wherever possible, linear features were separated by 300 meters, but were kept within 500 meters of their true location.</procdesc>
        <srcused>QC</srcused>
        <procdate>20120101</procdate>
        <srcprod>National Atlas 1M Railroads 2012</srcprod>
      </procstep>
      <procstep>
        <procdesc>The data were converted to an Albers Equal Area projection. Attribute fields for miles and kilometers were added, and the values were calculated using ArcGIS. The data were then converted back to geographic coordinates.</procdesc>
        <procdate>20120101</procdate>
      </procstep>
      <procstep>
        <procdesc>The map layer was saved in shapefile and in file geodatabase formats.</procdesc>
        <procdate>20130101</procdate>
      </procstep>
      <procstep>
        <procdesc>Where railroad segments less than 0.1 KM in length were adjacent to longer segments with the same attributes, the segments were joined. All remaining railroads less than 0.1 KM in length were evaluated and were either joined to neighboring segments, or their length was adjusted to greater than 0.1 KM. The data were converted to an Albers Equal Area projection, values for miles and kilometers were calculated using ArcGIS, and the data were converted back to geographic coordinates.</procdesc>
        <procdate>20130101</procdate>
      </procstep>
      <procstep>
        <procdesc>Data along the Canadian border were adjusted so that the Canadian and U.S. 1:1,000,000-scale data sets can be used together as seamlessly as possible. Problem areas were identified by Natural Resources Canada (NRCan) and edits to the U.S. data were performed by the USGS. To identify problems, the National Atlas 1M railroads 2012 data set was projected to the NRCan working coordinate system, which is a Lambert Conformal Conic projection with standard parallels of 49 and 77 degrees, datum of NAD83, an XY tolerance of 0.001 meters, and an XY resolution of 0.0001 meters. The Canadian and U.S. data sets were displayed together and features were compared across the border. An initial set of comments and suggestions for edits were sent to the USGS by NRCan. NRCan used satellite imagery for reference during the editing process by converting the appropriate National Atlas 1:1,000,000-scale map layers and the 250K Canadian topographic data to KML and loading the KMLs into GoogleEarth. Using the cursor coordinates in the ArcMap status bar, NRCan visually navigated and correlated the ArcMap and GoogleEarth vectors. NRCan exported their findings and sent them to the USGS for correction and (or) further comment. USGS reviewed the Canadian findings and returned the data to NRCan with comments. The U.S. data were either edited, not edited and further explanation was requested, or not edited and changes were suggested to for the Canadian data. This process was repeated until both NRCan and USGS felt that the data were satisfactorily harmonized.</procdesc>
        <srcused>QC</srcused>
        <srcused>National Atlas 1M Railroads 2012</srcused>
        <srcused>Canada 250K Topo</srcused>
        <srcused>Canada Railways</srcused>
        <procdate>20130101</procdate>
      </procstep>
      <procstep>
        <procdesc>Railroads along the Mexican border were aligned based on reference to ESRI Basemaps, Google Maps, and Bing Maps.</procdesc>
        <srcused>ESRI Basemaps</srcused>
        <srcused>Bing Maps</srcused>
        <srcused>Google Maps</srcused>
        <procdate>20130101</procdate>
      </procstep>
    </lineage>
  </dataqual>
  <spdoinfo>
    <direct>Vector</direct>
    <ptvctinf>
      <sdtsterm>
        <sdtstype>String</sdtstype>
        <ptvctcnt>9330</ptvctcnt>
      </sdtsterm>
    </ptvctinf>
  </spdoinfo>
  <eainfo>
    <detailed>
      <enttyp>
        <enttypl>Railroad</enttypl>
        <enttypd>A set of parallel rails on which a train runs.</enttypd>
        <enttypds>National Atlas of the United States</enttypds>
      </enttyp>
      <attr>
        <attrlabl>FID</attrlabl>
        <attrdef>Internal feature number.</attrdef>
        <attrdefs>Esri</attrdefs>
        <attrdomv>
          <udom>Sequential unique whole numbers that are automatically generated.</udom>
        </attrdomv>
      </attr>
      <attr>
        <attrlabl>Shape</attrlabl>
        <attrdef>The representation of the entity in the data.</attrdef>
        <attrdefs>National Atlas of the United States</attrdefs>
        <attrdomv>
          <edom>
            <edomv>Polyline</edomv>
            <edomvd>A 1-dimensional element that may or may not surround a 2-dimensional element.</edomvd>
            <edomvds>ESRI GIS software</edomvds>
          </edom>
          <udom>Coordinates defining the features.</udom>
        </attrdomv>
      </attr>
      <attr>
        <attrlabl>Rrowner1</attrlabl>
        <attrdef>
The name of the largest or only railroad that owns the track.  Tracks may be owned by more than
one railroad.
</attrdef>
        <attrdefs>National Atlas of the United States</attrdefs>
        <attrdomv>
          <udom>There is no predefined set of valid railroad names.</udom>
        </attrdomv>
      </attr>
      <attr>
        <attrlabl>Rrowner2</attrlabl>
        <attrdef>The name of the second-largest railroad that owns the track, if any.</attrdef>
        <attrdefs>National Atlas of the United States</attrdefs>
        <attrdomv>
          <edom>
            <edomv>&lt;blank&gt;</edomv>
            <edomvd>The track is owned by only one railroad.</edomvd>
            <edomvds>National Atlas of the United States</edomvds>
          </edom>
        </attrdomv>
        <attrdomv>
          <udom>There is no predefined set of valid railroad names.</udom>
        </attrdomv>
      </attr>
      <attr>
        <attrlabl>Rrowner3</attrlabl>
        <attrdef>The name of the third-largest railroad that owns the track, if any.</attrdef>
        <attrdefs>National Atlas of the United States</attrdefs>
        <attrdomv>
          <edom>
            <edomv>&lt;blank&gt;</edomv>
            <edomvd>The track is owned by only one or two railroads.</edomvd>
            <edomvds>National Atlas of the United States</edomvds>
          </edom>
        </attrdomv>
        <attrdomv>
          <udom>There is no predefined set of valid railroad names.</udom>
        </attrdomv>
      </attr>
      <attr>
        <attrlabl>Mark1</attrlabl>
        <attrdef>
The reporting mark of the largest or only railroad that owns the track.  Tracks may be owned by
more than one railroad.
</attrdef>
        <attrdefs>National Atlas of the United States</attrdefs>
        <attrdomv>
          <codesetd>
            <codesetn>Rule 260 and Railroad Owner Codes</codesetn>
            <codesets>Federal Railroad Administration</codesets>
          </codesetd>
        </attrdomv>
      </attr>
      <attr>
        <attrlabl>Mark2</attrlabl>
        <attrdef>The reporting mark of the second-largest railroad that owns the track, if any.</attrdef>
        <attrdefs>National Atlas of the United States</attrdefs>
        <attrdomv>
          <edom>
            <edomv>&lt;blank&gt;</edomv>
            <edomvd>The track is owned by only one railroad.</edomvd>
            <edomvds>National Atlas of the United States</edomvds>
          </edom>
        </attrdomv>
        <attrdomv>
          <codesetd>
            <codesetn>Rule 260 and Railroad Owner Codes</codesetn>
            <codesets>Federal Railroad Administration</codesets>
          </codesetd>
        </attrdomv>
      </attr>
      <attr>
        <attrlabl>Mark3</attrlabl>
        <attrdef>The reporting mark of the third-largest railroad that owns the track, if any.</attrdef>
        <attrdefs>National Atlas of the United States</attrdefs>
        <attrdomv>
          <edom>
            <edomv>&lt;blank&gt;</edomv>
            <edomvd>The track is owned by only one or two railroads.</edomvd>
            <edomvds>National Atlas of the United States</edomvds>
          </edom>
        </attrdomv>
        <attrdomv>
          <codesetd>
            <codesetn>Rule 260 and Railroad Owner Codes</codesetn>
            <codesets>Federal Railroad Administration</codesets>
          </codesetd>
        </attrdomv>
      </attr>
      <attr>
        <attrlabl>Miles</attrlabl>
        <attrdef>The length of the track in miles.  This is a calculated field.</attrdef>
        <attrdefs>National Atlas of the United States</attrdefs>
        <attrdomv>
          <rdom>
            <rdommin>0.1</rdommin>
            <rdommax>347.1</rdommax>
          </rdom>
        </attrdomv>
      </attr>
      <attr>
        <attrlabl>Kilometers</attrlabl>
        <attrdef>The length of the track in kilometers.  This is a calculated field.</attrdef>
        <attrdefs>National Atlas of the United States</attrdefs>
        <attrdomv>
          <rdom>
            <rdommin>0.10</rdommin>
            <rdommax>558.54</rdommax>
          </rdom>
        </attrdomv>
      </attr>
      <attr>
        <attrlabl>Railrdl010</attrlabl>
        <attrdef>Internal feature number.</attrdef>
        <attrdefs>National Atlas of the United States</attrdefs>
        <attrdomv>
          <rdom>
            <rdommin>1</rdommin>
            <rdommax>9288</rdommax>
          </rdom>
        </attrdomv>
      </attr>
    </detailed>
  </eainfo>
  <distinfo>
    <distrib>
      <cntinfo>
        <cntorgp>
          <cntorg>Stanford Geospatial Center</cntorg>
        </cntorgp>
        <cntaddr>
          <addrtype>mailing and physical</addrtype>
          <address>Branner Earth Sciences Library</address>
          <city>Stanford</city>
          <state>California</state>
          <postal>94305</postal>
          <country>US</country>
        </cntaddr>
        <cntvoice>650-723-2746</cntvoice>
        <cntemail>brannerlibrary@stanford.edu</cntemail>
      </cntinfo>
    </distrib>
    <distliab>Although these data have been processed successfully on a computer system at the U.S. Geological Survey, no warranty expressed or implied is made by the U.S. Geological Survey regarding the utility of the data on any other system, nor shall the act of distribution constitute any such warranty. No responsibility is assumed by the U.S. Geological Survey in the use of these data.</distliab>
  </distinfo>
  <metainfo>
    <metd>20140331</metd>
    <metc>
      <cntinfo>
        <cntorgp>
          <cntorg>National Atlas of the United States</cntorg>
        </cntorgp>
        <cntaddr>
          <addrtype>mailing</addrtype>
          <address>12201 Sunrise Valley Drive</address>
          <address>U.S. Geological Survey</address>
          <address>511 National Center</address>
          <city>Reston</city>
          <state>VA</state>
          <postal>20192</postal>
        </cntaddr>
        <cntvoice>1-888-ASK-USGS (1-888-275-8747)</cntvoice>
        <cntemail>atlasmail@usgs.gov</cntemail>
      </cntinfo>
    </metc>
    <metstdn>FGDC Content Standard for Digital Geospatial Metadata</metstdn>
    <metstdv>FGDC-STD-001-1998</metstdv>
    <mettc>local time</mettc>
    <metsi>
      <metscs>None</metscs>
      <metsc>Unclassified</metsc>
      <metshd>None</metshd>
    </metsi>
  </metainfo>
</metadata>
